video_id,channel_name,category
iG9CE55wbtY,TED,talk show
zIwLWfaAg-8,TED,talk show
arj7oStGLkU,TED,talk show
eIho2S0ZahI,TED,talk show
6Af6b_wyiwI,TED,talk show
DFjIi2hxxf0,TED,talk show
KM4Xe6Dlp0Y,TED,talk show
GZGY0wPAnus,TED,talk show
8KkKuTCFvzI,TED,talk show
Ks-_Mh1QhMc,TED,talk show
0NbBjNiw4tk,BigThink,knowledge
WEDIj9JBTC8,BigThink,knowledge
9I_u4oZqF8c,BigThink,knowledge
HGqFxjQI3is,BigThink,knowledge
e-or_D-qNqM,BigThink,knowledge
IDj1OBG5Tpw,BigThink,knowledge
eqX38J9ya1I,BigThink,knowledge
DBG1Wgg32Ok,BigThink,knowledge
_WjUFuW2J0A,BigThink,knowledge
nDLb8_wgX50,HubermanLab,podcast
50BZQRT1dAg,HubermanLab,podcast
tLRCS48Ens4,HubermanLab,podcast
QmOF0crdyRU,HubermanLab,podcast
IAnhFUUCq6c,HubermanLab,podcast
K4Ze-Sp6aUE,HubermanLab,podcast
DkS1pkKpILY,HubermanLab,podcast
9tRohh0gErM,HubermanLab,podcast
hFL6qRIJZ_Y,HubermanLab,podcast
wTBSGgbIvsY,HubermanLab,podcast
T3FC7qIAGZk,LexFridman,podcast
f_lRdkH_QoY,LexFridman,podcast
sY8aFSY2zv4,LexFridman,podcast
JN3KPFbWCy8,LexFridman,podcast
gPfriiHBBek,LexFridman,podcast
tYrdMjVXyNg,LexFridman,podcast
uZN5xjoS6TU,LexFridman,podcast
mC43pZkpTec,LexFridman,podcast
DxREm3s1scA,LexFridman,podcast
gk4tEO4jDUM,LexFridman,podcast
wBv1XhkeS_0,OxfordUnion,debate
y7merqKCuWg,OxfordUnion,debate
Jy9tNyp03M0,OxfordUnion,debate
f7CW7S0zxv4,OxfordUnion,debate
UZMIbo_DxJk,OxfordUnion,debate
-1NFirxhXWE,OxfordUnion,debate
PUDyDIEbc8Q,OxfordUnion,debate
Lq0iua0r0KQ,OxfordUnion,debate
qxF_CDDJ0YI,OxfordUnion,debate
_YQ94jFg_4A,OxfordUnion,debate
f-wWBGo6a2w,JordanBPeterson,talk show
gqS1ov4lSI0,JordanBPeterson,talk show
SH63RABGK6w,JordanBPeterson,talk show
zQCTeGKHsVc,JordanBPeterson,talk show
rTBGNEliczc,JordanBPeterson,talk show
N2lLPBiD_d0,JordanBPeterson,talk show
PfH8IG7Awk0,JordanBPeterson,talk show
I8Xc2_FtpHI,JordanBPeterson,talk show
Dck8eZCpglc,JordanBPeterson,talk show
dPv1RYsi7sA,JordanBPeterson,talk show
fvoLmsXKkYM,PhilipDeFranco,news
jfpzCsXGxQg,PhilipDeFranco,news
r3miPW-wkfk,PhilipDeFranco,news
b7frDFkW05k,PhilipDeFranco,news
UJZY8e1rKGQ,PhilipDeFranco,news
slZKqXY-k-U,PhilipDeFranco,news
RdNSKxFAk-U,PhilipDeFranco,news
C-ePy-2WLfY,PhilipDeFranco,news
W4DnmTEHQug,PhilipDeFranco,news
a3DeJjHAz8I,TheYoungTurks,news
T67DvoH2H3E,TheYoungTurks,news
SuuOM8Ok_nE,TheYoungTurks,news
YAxL4TB6pmQ,TheYoungTurks,news
hUeYk6_cA-g,TheYoungTurks,news
s-6T11fVxZA,TheYoungTurks,news
gTFljCRnGN4,TheYoungTurks,news
qv9sH5ptgRA,TheYoungTurks,news
a9fCK6Y0bu4,TheYoungTurks,news
w6KFWiidiJo,TheYoungTurks,news
-SgqGEX_DOw,DWNews,news
PLOwKTY81y4,DWNews,news
3inhQffPlAI,DWNews,news
nl3XZkQts3Q,DWNews,news
VkuNWDG3yNM,DWNews,news
1cB5JZcosr4,DWNews,news
yDWJtSsTnNM,DWNews,news
GvvA12oTQ94,KaraandNate,travel
pps8hh5Aq-c,KaraandNate,travel
YWZx4f2OCfY,KaraandNate,travel
_JA5sQVGal4,KaraandNate,travel
wvRnoLIvabY,KaraandNate,travel
NjU9O3o11lA,KaraandNate,travel
6RUfOU_Dqw8,KaraandNate,travel
80oyG1Vl1Vc,KaraandNate,travel
p0MNgGI17Pw,KaraandNate,travel
JfxyakPvWvA,KaraandNate,travel
0GCuvcTI090,AbroadinJapan,travel
-tBy2jemw4s,AbroadinJapan,travel
SkY1DiyCqTU,AbroadinJapan,travel
nfpWAqK0YZE,AbroadinJapan,travel
aVT0BvWZcLg,AbroadinJapan,travel
icwENiwT1zI,AbroadinJapan,travel
U7Q3sKNuZA0,AbroadinJapan,travel
3LS83dDqoGU,AbroadinJapan,travel
IXgX_r-x-XE,AbroadinJapan,travel
M400lV0GNV4,AbroadinJapan,travel
kUTYSyd3LR0,YesTheory,travel
Vs6In7UtyXY,YesTheory,travel
8cvhwquPqJ0,YesTheory,travel
ODuEl4oNae0,YesTheory,travel
bXUcnFuvqcE,YesTheory,travel
bSs0o7DrHeg,YesTheory,travel
mJuTM7TJ9J0,YesTheory,travel
w0xPJDeTOc8,YesTheory,travel
GyvRamX1VyA,YesTheory,travel
wAeZ-HSFdTw,YesTheory,travel
Fa9WJMrQLvw,Jolly,culture
KzdbFnv4yWQ,Jolly,culture
gPHgbh-2Gno,Jolly,culture
11ak2FgIq60,Jolly,culture
YyDW4XYQMgs,Jolly,culture
_533Z_yY6kU,Jolly,culture
zQ1j2zPrg_c,Jolly,culture
mbxxfVz8xBk,Jolly,culture
-QL9dvmddYs,Jolly,culture
deDr3CZ_rIM,Jolly,culture
roCX0AfBseQ,bingingwithbabish,cooking
Rzd0mLf366I,bingingwithbabish,cooking
D_Y18GEjfNY,bingingwithbabish,cooking
7EnWiGYT1g4,bingingwithbabish,cooking
HsxBw6ls7Z0,bingingwithbabish,cooking
Y8hi6A5MPVY,bingingwithbabish,cooking
NFAN6L7xnvY,bingingwithbabish,cooking
S7eUmZ4Sp3U,bingingwithbabish,cooking
Mf4wwXM2o_M,bingingwithbabish,cooking
pTk9HnIwEYU,bingingwithbabish,cooking
qWAagS_MANg,bonappetit,cooking
WrOzwoMKzH4,bonappetit,cooking
TudhYwBrgYg,bonappetit,cooking
Ew-3-8itpjc,bonappetit,cooking
XY-hOqcPGCY,bonappetit,cooking
1Gdl-A1DvpA,bonappetit,cooking
VyaxDWLe6A4,bonappetit,cooking
g1GFJxVeH9c,bonappetit,cooking
HzUIUTatyZI,bonappetit,cooking
RrkL9e2w7gQ,bonappetit,cooking
DPZzrlFCD_I,MarkRober,making
My4RA5I0FKs,MarkRober,making
hFZFjoX2cGg,MarkRober,making
BYVZh5kqaFg,MarkRober,making
vePc5V4h_kg,MarkRober,making
ugRc5jx80yg,MarkRober,making
DTvS9lvRxZ8,MarkRober,making
tk_ZlWJ3qJI,MarkRober,making
Rsxao9ptdmI,MarkRober,making
kxLoycj4pJY,SmarterEveryDay,making
QJ9lNRAjTQM,SmarterEveryDay,making
MFzDaBzBlL0,SmarterEveryDay,making
cp5gdUHFGIQ,SmarterEveryDay,making
tcQVrD7RnNI,SmarterEveryDay,making
Q_F9CxSmGOM,SmarterEveryDay,making
JT0wx27J9xs,SmarterEveryDay,making
p1PgNbgWSyY,SmarterEveryDay,making
-53kaP6dZeI,SmarterEveryDay,making
7pOXunRYJIw,SmarterEveryDay,making
R2pIutTspQA,TechLead,technology
Ap2uWsJV25w,TechLead,technology
fxCYXA2zPc8,TechLead,technology
BCHr4NDTLO8,TechLead,technology
9AXP7tCI9PI,TechLead,technology
5IcvRe8bQhU,TechLead,technology
AbUU-D2Hil0,TechLead,technology
rJJBnmDkEwI,TechLead,technology
VI9mHWOQbJQ,TechLead,technology
oWzdgBNfhQU,NatGeo,documentary
0t2VPBF6Kp4,NatGeo,documentary
quU9s7I1NLI,NatGeo,documentary
Nmkj5gq1cQU,NatGeo,documentary
NcRifDitRnU,NatGeo,documentary
BXyfCGDnuWs,NatGeo,documentary
1EPNYWeEf1U,ProkoTV,art/design
wAOldLWIDSM,ProkoTV,art/design
DmqFbgKWoao,ProkoTV,art/design
aoqu5SEFqRI,ProkoTV,art/design
0cYal_hitz4,ProkoTV,art/design
JC2ZppKHCqU,ProkoTV,art/design
_6wdDNnHRO4,ProkoTV,art/design
z4ZLkyTuX_w,ProkoTV,art/design
X-6jMi4e-0Q,theartassignment,art/design
3AVNhTi9pzM,theartassignment,art/design
_tw51Eh9vcw,theartassignment,art/design
96hl5J47c3k,theartassignment,art/design
wtPBOwE0Qn0,theartassignment,art/design
VHLs76HLon4,theartassignment,art/design
67EKAIY43kg,theartassignment,art/design
so8sB25IL4o,theartassignment,art/design
gNBOO_ggypg,theartassignment,art/design
oz908BHg55Y,theartassignment,art/design
PCOo8AW4oI0,bestdressed,fashion
FSHITL5oedk,bestdressed,fashion
7hKTaDncNic,bestdressed,fashion
TuPyVPdH814,bestdressed,fashion
K0n-264CETA,bestdressed,fashion
3n99jqOdeSw,bestdressed,fashion
bWCCIp5pHXk,bestdressed,fashion
qE_oqgKk4Lo,bestdressed,fashion
wMF1tIR1-4g,bestdressed,fashion
yRnnAAUJB3o,bestdressed,fashion
sNXCiPKIiPc,HauteLeMode,fashion
ZMrgtotgThk,HauteLeMode,fashion
PbRZcvVnF0w,HauteLeMode,fashion
ubaFAQpJSrs,HauteLeMode,fashion
nPkK70fD3xY,HauteLeMode,fashion
P71sr0kZY7o,HauteLeMode,fashion
-n1kVcgifxc,HauteLeMode,fashion
nURRNtJu9AQ,HauteLeMode,fashion
iMeNtFW2HSg,HauteLeMode,fashion
AFC5RaH4xMg,NBA,sports
ZsPsKLjw-SI,NBA,sports
t22flliJLTQ,NBA,sports
wgVOgGLtPtc,NBA,sports
xWaaMV1WQLo,NBA,sports
2hIrbnVx4k4,NBA,sports
CwzjlmBLfrQ,Olympics,sports
1AS-dCdYZbo,Olympics,sports
0pJU3jm0zkI,Olympics,sports
2O7K-8G2nwU,Olympics,sports
23EfsN7vEOA,Olympics,sports
6bNOnXTe4Ok,Olympics,sports
VZvoufQy8qc,Olympics,sports
FuiJHJz4f5Q,Olympics,sports
PHgc8Q6qTjc,PewDiePie,gaming
7Vj5M0qKh8g,PewDiePie,gaming
By_Cn5ixYLg,PewDiePie,gaming
DYlesHOaPkY,PewDiePie,gaming
VGt-BZ-SxGI,PewDiePie,gaming
iOztnsBPrAA,markiplier,gaming
60wLvPWXCCc,markiplier,gaming
GlZtlTon7_I,markiplier,gaming
N9K2p54k9GA,markiplier,gaming
YT1NhLTwwEg,markiplier,gaming
UcgSbvdKag8,pokimane,gaming
RWpIea15Y_w,pokimane,gaming
gpwNh9mIfz8,pokimane,gaming
XAXWOORFBu4,pokimane,gaming
Vq1XkpvNXk0,pokimane,gaming
wtXqjh8VkTo,pokimane,gaming
QJ17wpE9eNc,pokimane,gaming
NuExff4-ty4,pokimane,gaming
iEdW334FO50,pokimane,gaming
mP3fGkpmVM0,LoLEsports,gaming
i7YGtxF1iGU,LoLEsports,gaming
8Dlyp6wkM6c,LoLEsports,gaming
fn5kSCj-VNM,LoLEsports,gaming
i5FOq93R29A,LoLEsports,gaming
mf72jNoMqL0,LoLEsports,gaming
NVzQeNE-8EE,LoLEsports,gaming
Tj9q3-YFteA,LoLEsports,gaming
HBFMysfLlJU,KeyandPeele,comedy
WqBZVlgORbY,KeyandPeele,comedy
izh-j8KUYjs,KeyandPeele,comedy
TLnUJzueBOQ,KeyandPeele,comedy
rxhKrtb3XsE,KeyandPeele,comedy
OQaLic5SE_I,KeyandPeele,comedy
5Kod1q39ddE,KeyandPeele,comedy
ss9ygQqqL2Q,fallontonight,variety show
OPdbdjctx2I,fallontonight,variety show
aKdV5FvXLuI,fallontonight,variety show
4iQxG8ZjYO8,fallontonight,variety show
NaY91YjVbEM,fallontonight,variety show
0uBOtQOO70Y,fallontonight,variety show
uD2nOjV3AaI,fallontonight,variety show
0e3GPea1Tyg,MrBeast,variety show
zxYjTTXc-J8,MrBeast,variety show
1WEAJ-DFkHE,MrBeast,variety show
48h57PspBec,MrBeast,variety show
KrLj6nc516A,MrBeast,variety show
tnTPaLOaHz8,MrBeast,variety show
FM7Z-Xq8Drc,MrBeast,variety show
9RhWXPcKBI8,MrBeast,variety show
erLbbextvlY,MrBeast,variety show
iogcY_4xGjo,MrBeast,variety show
BtN-goy9VOY,Kurzgesagt,knowledge
zQGOcOUBi6s,Kurzgesagt,knowledge
9tbxDgcv74c,Kurzgesagt,knowledge
3mnSDifDSxQ,Kurzgesagt,knowledge
h6fcK_fRYaI,Kurzgesagt,knowledge
sNhhvQGsMEc,Kurzgesagt,knowledge
YI3tsmFsrOg,Kurzgesagt,knowledge
JyECrGp-Sw8,Kurzgesagt,knowledge
yWO-cvGETRQ,Kurzgesagt,knowledge
0FH9cgRhQ-k,Kurzgesagt,knowledge
uxPdPpi5W4o,Veritasium,knowledge
4Wrc4fHSCpw,Veritasium,knowledge
AeJ9q45PfD0,Veritasium,knowledge
2OSrvzNW9FE,Veritasium,knowledge
094y1Z2wpJg,Veritasium,knowledge
AF8d72mA41M,Veritasium,knowledge
IV3dnLzthDA,Veritasium,knowledge
GcdB5bFwio4,Veritasium,knowledge
pir_muTzYM8,Veritasium,knowledge
ZMByI4s-D-Y,Veritasium,knowledge
QDCcuCHOIyY,Vsauce,knowledge
s86-Z-CbaHA,Vsauce,knowledge
jHbyQ_AQP8c,Vsauce,knowledge
VNqNnUJVcVs,Vsauce,knowledge
7uiv6tKtoKg,Vsauce,knowledge
iqKdEhx-dD4,Vsauce,knowledge
3pAnRKD4raY,Vsauce,knowledge
evQsOFQju08,Vsauce,knowledge
sHCHEykUxP4,Vsauce,knowledge
IJhgZBn-LHg,Vsauce,knowledge
BEWz4SXfyCQ,joerogan,podcast
hBMoPUAeLnY,joerogan,podcast
efs3QRr8LWw,joerogan,podcast
RcYjXbSJBN8,joerogan,podcast
jdVso9FSkmE,joerogan,podcast
Rxmw9eizOAo,joerogan,podcast
G0Cp7DrvNLQ,joerogan,podcast
1zb2SuW-jug,joerogan,podcast
0H5LCLljJho,joerogan,podcast
rY5jCvRHEFk,joerogan,podcast
PN2gYHJNT3Y,TimFerriss,podcast
H9B5mYfBPlY,TimFerriss,podcast
C1sEHNw4UIg,TimFerriss,podcast
ZwEquW_Yij0,TimFerriss,podcast
GqqrTLwxE_Y,TimFerriss,podcast
Wh5SUF0gPWQ,TimFerriss,podcast
HiYo14wylQw,TimFerriss,podcast
eLYqhezACpc,TimFerriss,podcast
Yh1-y3TzSO4,TimFerriss,podcast
hbNpsmOVGt0,TimFerriss,podcast
uN84HhcdIws,TheDailyShow,talk show
7OeeHz0uNdM,TheDailyShow,talk show
F2xv4fba65U,TheDailyShow,talk show
NzDhm808oU4,TheDailyShow,talk show
RskvZgc_s9g,TheDailyShow,talk show
KtHn59wqdBc,TheDailyShow,talk show
yWI61kpFEAA,TheDailyShow,talk show
QlaeirHJpns,TheDailyShow,talk show
_GXNJ3V9lzg,TheDailyShow,talk show
8A3jiM2FNR8,TheDailyShow,talk show
7y1xJAVZxXg,LastWeekTonight,news
DnpO_RTSNmQ,LastWeekTonight,news
xecEV4dSAXE,LastWeekTonight,news
XEVlyP4_11M,LastWeekTonight,news
s6MwGeOm8iI,LastWeekTonight,news
J5b_-TZwQ0I,LastWeekTonight,news
7VG_s2PCH_c,LastWeekTonight,news
UN8bJb8biZU,LastWeekTonight,news
wD8AwgO0AQI,LastWeekTonight,news
oDPCmmZifE8,LastWeekTonight,news
n3IYmdy6d4Y,Vox,documentary
rFxu7NEoKC8,Vox,documentary
QMbHLF_zwjs,Vox,documentary
iRYZjOuUnlU,Vox,documentary
hLrFyjGZ9NU,Vox,documentary
TPpoJGYlW54,Vox,documentary
kIID5FDi2JQ,Vox,documentary
8GqWTqDhahM,Vox,documentary
lxMWSmKieuc,Vox,documentary
x8fpeVICeGg,Vox,documentary
ofvoLdLssA8,Corridor,making
T24wxcO89ls,Corridor,making
wVgIt47LLMI,Corridor,making
SCbmAVMMRek,Corridor,making
y3RIHnK0_NE,Corridor,making
8Q2P4LjuVA8,Corridor,making
5xK7e0-_3oQ,Corridor,making
VI4NZW8q6nU,Corridor,making
OYXiYcX3sQ8,Corridor,making
hsaLDnl_fEs,Corridor,making
PrqYohBV58o,TopGear,entertainment
cDoRmT0iRic,TopGear,entertainment
I7g08nwEmyY,TopGear,entertainment
7NZ9X9A2efA,TopGear,entertainment
jV51BGIzkwU,TopGear,entertainment
DrUVMdkb4_k,TopGear,entertainment
ROOeGPrC1Do,TopGear,entertainment
RXqSedWSu2k,TopGear,entertainment
QQh56geU0X8,TopGear,entertainment
xnWKz7Cthkk,TopGear,entertainment
X3n5Pk8fkLg,LateNightSeth,variety show
BabsgCQhpu4,LateNightSeth,variety show
CU8qwXYH83c,LateNightSeth,variety show
onMm0DLg8CE,LateNightSeth,variety show
yYnXBRo9TVA,LateNightSeth,variety show
63fRJ12v4L0,LateNightSeth,variety show
KZDYjcE9mIc,LateNightSeth,variety show
-5C6kG57J7Q,LateNightSeth,variety show
m3Wf2GN2Pus,LateNightSeth,variety show
Bt5WzvTvspU,LateNightSeth,variety show
2MdQWo9fHZs,mkbhd,technology
j31dmodZ-5c,mkbhd,technology
rU9aqBv0YdY,mkbhd,technology
eou_g_cYCew,mkbhd,technology
Tl8RS0sR-qA,mkbhd,technology
rng_yUSwrgU,mkbhd,technology
q0aFOxT6TNw,mkbhd,technology
tDARtYjUiHs,mkbhd,technology
7gtc1DW2Tgo,mkbhd,technology
s0EbxhQYeCA,mkbhd,technology
eQ_8F4nzyiw,LinusTechTips,technology
kqnvrjgyEMc,LinusTechTips,technology
sZs4NDC4yrI,LinusTechTips,technology
VWHlPH23P-w,LinusTechTips,technology
M8NFhjj0bUk,LinusTechTips,technology
BL4DCEp7blY,LinusTechTips,technology
7CZq5SkIiu0,LinusTechTips,technology
nDTeSb0TzbQ,LinusTechTips,technology
v7MYOpFONCU,LinusTechTips,technology
3dEfc9LL9bQ,LinusTechTips,technology
imW392e6XR0,JimmyKimmelLive,entertainment
aHBLOkfJSYI,JimmyKimmelLive,entertainment
AKEQwvaYI_k,JimmyKimmelLive,entertainment
LABGimhsEys,JimmyKimmelLive,entertainment
JgQVj4iMm8Y,JimmyKimmelLive,entertainment
Hcmz74AaXHs,JimmyKimmelLive,entertainment
RK-oQfFToVg,JimmyKimmelLive,entertainment
t2oVUxTV4WA,JimmyKimmelLive,entertainment
RDocnbkHjhI,JimmyKimmelLive,entertainment
Zu5Oo23G67w,JimmyKimmelLive,entertainment
IwzkfMmNMpM,fifa,sports
rb0bjyt1OD0,fifa,sports
vyDjFVZgJoo,fifa,sports
e8laLiWolGg,fifa,sports
Vw34wMAqWzc,fifa,sports
4rp2aLQl7vg,fifa,sports
lNRB7OCo8Wo,fifa,sports
GrsEAvRerTg,fifa,sports
6C6oOcDFmLY,fifa,sports
Jm29kLeWqDA,fifa,sports
c0pS3Zx7Fc8,WendoverProductions,documentary
GiBF6v5UAAE,WendoverProductions,documentary
YJRqB1xtIxg,WendoverProductions,documentary
BzB5xtGGsTc,WendoverProductions,documentary
gdy0gBVWAzE,WendoverProductions,documentary
b4wRdoWpw0w,WendoverProductions,documentary
069y1MpOkQY,WendoverProductions,documentary
5-QejUTDCWw,WendoverProductions,documentary
MP1OAm7Pzps,WendoverProductions,documentary
zQV_DKQkT8o,WendoverProductions,documentary
oFF134_iokI,OfficialGrahamNorton,variety show
Kjp3PTeXBew,OfficialGrahamNorton,variety show
stRtOHjh6lY,OfficialGrahamNorton,variety show
mfT-UZCA6Tg,OfficialGrahamNorton,variety show
UEob1L_tsn0,OfficialGrahamNorton,variety show
dmbpagijVkk,OfficialGrahamNorton,variety show
Y-orMndwuSE,OfficialGrahamNorton,variety show
lIHWgKIXaJU,OfficialGrahamNorton,variety show
TUJWx7vo44c,OfficialGrahamNorton,variety show
_QWZvU7VCn8,OfficialGrahamNorton,variety show
iOGHJMS0QT0,SaturdayNightLive,comedy
O7VaXlMvAvk,SaturdayNightLive,comedy
uwfdFCP3KYM,SaturdayNightLive,comedy
f6NUQeb5noM,SaturdayNightLive,comedy
FaOSCASqLsE,SaturdayNightLive,comedy
PfPdYYsEfAE,SaturdayNightLive,comedy
Ch_hoYPPeGc,SaturdayNightLive,comedy
ImaYMoTi2g8,SaturdayNightLive,comedy
m6uvv1aS5_I,SaturdayNightLive,comedy
UWuc18xISwI,SaturdayNightLive,comedy
GE-lAftuQgc,RealLifeLore,documentary
E39GIysMevQ,RealLifeLore,documentary
Iy7NzjCmUf0,RealLifeLore,documentary
hOFRbjjjwCE,RealLifeLore,documentary
9mVRc80vhhQ,RealLifeLore,documentary
lPNrtjboISg,RealLifeLore,documentary
If61baWF4GE,RealLifeLore,documentary
OQ9zng2S810,RealLifeLore,documentary
jlX7tl1QvJs,RealLifeLore,documentary
si9Phc9ArpU,RealLifeLore,documentary
P73REgj-3UE,primitivetechnology9550,making
ZEl-Y1NvBVI,primitivetechnology9550,making
VVV4xeWBIxE,primitivetechnology9550,making
BN-34JfUrHY,primitivetechnology9550,making
mL3sho1CpkI,primitivetechnology9550,making
D59v74k5flU,primitivetechnology9550,making
i9TdoO2OVaA,primitivetechnology9550,making
nCKkHqlx9dE,primitivetechnology9550,making
rrlr02YDr5A,primitivetechnology9550,making
ey68uVUuyvs,primitivetechnology9550,making
02tRxM_1VsE,aragusea,cooking
lzAk5wAImFQ,aragusea,cooking
m6kcANnAJSo,aragusea,cooking
SDpCzJw2xm4,aragusea,cooking
Sew4rctKghY,aragusea,cooking
p-LY9b1u_io,aragusea,cooking
21igfoUrRCg,aragusea,cooking
pO-L9mo06CQ,aragusea,cooking
9TjUWnAK0cg,aragusea,cooking
cL9RyGqwcbA,aragusea,cooking
QaZ93sibpk0,Vogue,fashion
lsFPbgK1v9I,Vogue,fashion
vCJ6U7mQmYw,Vogue,fashion
KONe4SNFA64,Vogue,fashion
_GFkHA5EZdE,Vogue,fashion
XnbCSboujF4,Vogue,fashion
1uJQxq6epDk,Vogue,fashion
Bk0G1f4DpCM,Vogue,fashion
948MLgRGNyU,Vogue,fashion
ITLAhqe1JMo,Vogue,fashion
Sk8POUhLwM8,AsianBoss,culture
Kkvpk3k8ars,AsianBoss,culture
da7LqBQQ5pI,AsianBoss,culture
DyqUw0WYwoc,AsianBoss,culture
qsT97ax_Xb0,AsianBoss,culture
u1xwLUjk1uI,AsianBoss,culture
W82754Zhx3Q,AsianBoss,culture
xfVwr2F26mQ,AsianBoss,culture
TuTD0z_Ji_c,AsianBoss,culture
0YWRPWDqzVg,AsianBoss,culture
wuClZjOdT30,GeographyNow,culture
j3XpfBChLyk,GeographyNow,culture
FsXc3FcWi3g,GeographyNow,culture
AWKmazrRIwA,GeographyNow,culture
00QUYoZHnH8,GeographyNow,culture
lzAESaVqix0,GeographyNow,culture
vEy6tcU6eLU,GeographyNow,culture
K8zAbdYx9SU,GeographyNow,culture
Hp0-YP3lADk,GeographyNow,culture
LVFvRNRTEd4,GeographyNow,culture
pPsgfMuOFeM,ColbertLateShow,talk show
L8IA_tCM-Qk,ColbertLateShow,talk show
rgUvhNlGV0s,ColbertLateShow,talk show
jiMUoVjQ5uI,ColbertLateShow,talk show
8OtMq2s0TyM,ColbertLateShow,talk show
3kRl7gkXdXM,ColbertLateShow,talk show
uBUJCaj6wyI,ColbertLateShow,talk show
LiyPWH6Gm3U,ColbertLateShow,talk show
mNiqpBNE9ik,ColbertLateShow,talk show
Ns7ocpRhDD8,ColbertLateShow,talk show
U9DyHthJ6LA,FirstWeFeast,talk show
YDr4ITrp7YI,FirstWeFeast,talk show
_sZH-psg9yE,FirstWeFeast,talk show
GTW8IplsKmM,FirstWeFeast,talk show
qxGmGGmvFD8,FirstWeFeast,talk show
DLEL6i0YmkY,FirstWeFeast,talk show
3_9v-7rtVDk,FirstWeFeast,talk show
eCEG4QyQbF4,FirstWeFeast,talk show
n5Qpg-iZPT8,FirstWeFeast,talk show
FCXfezz4BB8,FirstWeFeast,talk show
Qv70RMUFlu0,TheDiaryOfACEO,podcast
hCW2NHbWNwA,TheDiaryOfACEO,podcast
UclrVWafRAI,TheDiaryOfACEO,podcast
rOYlOdDgYUU,TheDiaryOfACEO,podcast
QVVe2rCHtN0,TheDiaryOfACEO,podcast
asmaLnhaFiY,TheDiaryOfACEO,podcast
ujRwf1HdNjk,TheDiaryOfACEO,podcast
giT0ytynSqg,TheDiaryOfACEO,podcast
VHUrdELKjDw,TheDiaryOfACEO,podcast
bk-nQ7HF6k4,TheDiaryOfACEO,podcast
N5vJSNXPEwA,TEDEd,knowledge
7SWvDHvWXok,TEDEd,knowledge
xKxrkht7CpY,TEDEd,knowledge
z-IR48Mb3W0,TEDEd,knowledge
Uj3_KqkI9Zo,TEDEd,knowledge
7yDmGnA8Hw0,TEDEd,knowledge
9iMGFqMmUFs,TEDEd,knowledge
2tM1LFFxeKg,TEDEd,knowledge
Y6e_m9iq-4Q,TEDEd,knowledge
H0-WkpmTPrM,TEDEd,knowledge
myO8fxhDRW0,StuffMadeHere,making
vsTTXYxydOE,StuffMadeHere,making
Puo6Vgcbxps,StuffMadeHere,making
_7vPNcnYWQ4,StuffMadeHere,making
1MkrNVic7pw,StuffMadeHere,making
2A2NY29iQdI,StuffMadeHere,making
xHWXZyfhQas,StuffMadeHere,making
wh8ij9NnLIQ,StuffMadeHere,making
SjJulcvTA7Y,StuffMadeHere,making
cQO2XTP7QDw,StuffMadeHere,making
Mb-QVfwCmYg,GoodMythicalMorning,variety show
JGNiafLl0iA,GoodMythicalMorning,variety show
aICCLnBMJ5U,GoodMythicalMorning,variety show
r01P9RmMeBI,GoodMythicalMorning,variety show
yTrIfkAb-_8,GoodMythicalMorning,variety show
Nj3qoo750_I,GoodMythicalMorning,variety show
9RkeppfNvP0,GoodMythicalMorning,variety show
M82wF72RAAw,GoodMythicalMorning,variety show
WFp9D_Eue9M,GoodMythicalMorning,variety show
TeC4lPwABCY,GoodMythicalMorning,variety show
wSN8L2SrZOg,BBCNews,news
Mh4f9AYRCZY,BBCNews,news
LUwj1-1-M1Q,BBCNews,news
Gz_qy9d0ayM,BBCNews,news
449ZOWbUkf0,BBCNews,news
vvOI3dQ5a30,BBCNews,news
7WMebV5qt3s,BBCNews,news
RwTAgom_VX8,BBCNews,news
yEHiTjViicE,BBCNews,news
u935ULhrwtQ,BBCNews,news
NXaVLXSZdEw,DWDocumentary,documentary
1ReFNdkQ5Y8,DWDocumentary,documentary
ew7-Z2xCMgE,DWDocumentary,documentary
TZ0j6kr4ZJ0,DWDocumentary,documentary
-rZkdPXP6H4,DWDocumentary,documentary
tT0ob3cHPmE,DWDocumentary,documentary
JsPHKDuP-Hk,DWDocumentary,documentary
t6m49vNjEGs,DWDocumentary,documentary
gqDCrdZVZnk,DWDocumentary,documentary
CVuVlk2E_e4,DWDocumentary,documentary
BJPc49z57bU,jacksepticeye,gaming
bqNzbkIHYF8,jacksepticeye,gaming
xqf7SfJUepE,jacksepticeye,gaming
Uil9bh8kJgg,jacksepticeye,gaming
AtwgGc-An6U,jacksepticeye,gaming
c3wKkZULCHg,jacksepticeye,gaming
zNV2TOF2PC0,jacksepticeye,gaming
kD8f0ixy4u4,jacksepticeye,gaming
zlGEsR1DQPw,jacksepticeye,gaming
yl3MiR7XXAM,jacksepticeye,gaming
3w6UuOARJxs,MarkWiens,travel
rOAbYFdNQEo,MarkWiens,travel
OO9kSxcT9Rg,MarkWiens,travel
Xdya8eym9nM,MarkWiens,travel
Cm2dczXpBG0,MarkWiens,travel
FLmNLrog6dQ,MarkWiens,travel
C5U3dMkYbog,MarkWiens,travel
CodtdeXZhJA,MarkWiens,travel
WErpgU9XS8Q,MarkWiens,travel
Il3NjMlQ_dk,MarkWiens,travel
EDx1JvPEtxs,DrewBinsky,travel
VF8dkjEdKNo,DrewBinsky,travel
u03kNQNclGY,DrewBinsky,travel
S4quEQW3TFA,DrewBinsky,travel
6amK2BgjXk8,DrewBinsky,travel
hHyXN5QmQHk,DrewBinsky,travel
ZBJXthec16o,DrewBinsky,travel
vmM7SDGOQiQ,DrewBinsky,travel
qzGOkg5BYQY,DrewBinsky,travel
DmaNZNGzRvA,DrewBinsky,travel
WV29R1M25n8,Jubilee,culture
Q7yvvq-9ytE,Jubilee,culture
fNVV_PjeIRQ,Jubilee,culture
_99ySDoC1fw,Jubilee,culture
MHuRVjBLkQQ,Jubilee,culture
68aej2qmCtw,Jubilee,culture
PXsZntwnArQ,Jubilee,culture
stE2qc9XH_Y,Jubilee,culture
zlLH_ph74Es,Jubilee,culture
z5TGgJF7LIo,Jubilee,culture
OTWDzMjgsEY,CaspianReport,culture
kBpQiJt3MUQ,CaspianReport,culture
Xqm3kcHpIsI,CaspianReport,culture
rgCrnyf5JEI,CaspianReport,culture
UNIU6TRsRzk,CaspianReport,culture
rWSwPtW-pG4,CaspianReport,culture
zzBVvyBWDD4,CaspianReport,culture
dkMlLkCRmRQ,CaspianReport,culture
_-u1Pjce4Lg,CaspianReport,culture
dBH3nMNKtaQ,CaspianReport,culture
QqLgmequ7Bk,GordonRamsay,cooking
88aDJFdUjH4,GordonRamsay,cooking
4NnJ-7Y6qwo,GordonRamsay,cooking
p6ff-ShY5Bw,GordonRamsay,cooking
9biIOtEYeHc,GordonRamsay,cooking
ZJy1ajvMU1k,GordonRamsay,cooking
If2rE7Sagyw,GordonRamsay,cooking
y5gnlPTXGB4,GordonRamsay,cooking
Cyskqnp1j64,GordonRamsay,cooking
MpTodVRR73E,GordonRamsay,cooking
H_erG7HSK0A,JoshuaWeissman,cooking
T5SYu8tyKjM,JoshuaWeissman,cooking
iWT0kl1k32M,JoshuaWeissman,cooking
pn-W0DVQw8Y,JoshuaWeissman,cooking
hJxaVD6eAtc,JoshuaWeissman,cooking
qNnHS62uDHQ,JoshuaWeissman,cooking
n76noIAaAuY,JoshuaWeissman,cooking
ovnvh8jwhEI,JoshuaWeissman,cooking
4wORLNNsZc8,JoshuaWeissman,cooking
e7erf3r9Uw8,JoshuaWeissman,cooking
lUzpK0tGFcE,Mrwhosetheboss,technology
syB1ezRvKpU,Mrwhosetheboss,technology
nmY2kgWYwyQ,Mrwhosetheboss,technology
0rCbfsuKdYw,Mrwhosetheboss,technology
iXKvwPjCGnY,Mrwhosetheboss,technology
7YWTtCsvgvg,Mrwhosetheboss,technology
b0HfmY64eSE,Mrwhosetheboss,technology
QMWlRWnAZH8,Mrwhosetheboss,technology
0BR-HgA3mlo,Mrwhosetheboss,technology
Ijssm6Qv5nE,Mrwhosetheboss,technology
aqMZfQODJZo,JerryRigEverything,technology
Lj4Od9D4puc,JerryRigEverything,technology
hUBsxCcJeUc,JerryRigEverything,technology
0vYfAqEyGV0,JerryRigEverything,technology
LR9FtWVjk2c,JerryRigEverything,technology
IS0SItAzEXg,JerryRigEverything,technology
bbAkY-Www40,JerryRigEverything,technology
Yt9sPsdml7g,JerryRigEverything,technology
_Cd2WIxKRDk,JerryRigEverything,technology
VLV-4HMrAz0,JerryRigEverything,technology
a4Ov8qvZ2_w,NikkieTutorials,fashion
QOOw2E_qAsE,NikkieTutorials,fashion
6aeE5LXujC4,NikkieTutorials,fashion
IxxI1X9CSEk,NikkieTutorials,fashion
uYTFx26-S1A,NikkieTutorials,fashion
EcqKjNJdkS0,NikkieTutorials,fashion
qY3L1bPNBAw,NikkieTutorials,fashion
LMYhnC1sVXY,NikkieTutorials,fashion
GUJqRkBEEY4,NikkieTutorials,fashion
SOoauHBpcbU,NikkieTutorials,fashion
Aja2KfuoqGA,ESPN,sports
Na2hOcx4uX8,ESPN,sports
--Cv18I6gxw,ESPN,sports
trQH-lXMums,ESPN,sports
B0cBnhuLy-Y,ESPN,sports
WlUx85soKeg,ESPN,sports
Fb7MZ2kRbt4,ESPN,sports
z2LpaEojNYs,ESPN,sports
zh76f7oHjYE,ESPN,sports
BC_P_78rMZU,ESPN,sports
gdsUKphmB3Y,NFL,sports
pILCn6VO_RU,NFL,sports
HjBo--1n8lI,NFL,sports
SDPITj1wlkg,NFL,sports
KDorKy-13ak,NFL,sports
c9cUytejf1k,NFL,sports
G6FuWd4wNd8,NFL,sports
ZD1QrIe--_Y,NFL,sports
9rhadTURsrw,NFL,sports
txXwg712zw4,NFL,sports
f9573kGBtuE,TheEllenShow,entertainment
HYjHld318p0,TheEllenShow,entertainment
k3aAl92_VDE,TheEllenShow,entertainment
mAxvK2aGtQU,TheEllenShow,entertainment
hXRst2j9P3g,TheEllenShow,entertainment
P-WdrMLLpPg,TheEllenShow,entertainment
TvAMdsIc_Ow,TheEllenShow,entertainment
AIUx_mWSTCk,TheEllenShow,entertainment
Tmvk7kRC7VU,TheEllenShow,entertainment
QZmkU5Pg1sw,TheEllenShow,entertainment
Se1y2R5QRKU,WatchMojo,entertainment
58kDMw779xc,WatchMojo,entertainment
wBDKLtr8eWc,WatchMojo,entertainment
wESuMyTv8sQ,WatchMojo,entertainment
f4NOJ42-BKM,WatchMojo,entertainment
yLVSN9Q3toc,WatchMojo,entertainment
2K-yl1sl1ag,WatchMojo,entertainment
SuE2_42L2JA,WatchMojo,entertainment
iXjc8qklxks,WatchMojo,entertainment
be7nHzijyGE,WatchMojo,entertainment
Lhf9dekzyq4,FilmTheory,entertainment
CUT6nET1yjo,FilmTheory,entertainment
_Jbq2EEPG14,FilmTheory,entertainment
4riem49Yjus,FilmTheory,entertainment
8nMmC3YvR6M,FilmTheory,entertainment
DiTaYglOlnY,FilmTheory,entertainment
VAa4aI5wKLo,FilmTheory,entertainment
S3FtIuVNY8k,FilmTheory,entertainment
w45Vc3uv1Yk,FilmTheory,entertainment
Rg2EA0XEnRM,FilmTheory,entertainment
RKXZ7t_RiOE,TheFutur,art/design
sO4te2QNsHY,TheFutur,art/design
QrNi9FmdlxY,TheFutur,art/design
RFk8ZmIDrFM,TheFutur,art/design
hqYIe5Y76oY,TheFutur,art/design
DmKgsjbWw8o,TheFutur,art/design
Abi8kwkfZbA,TheFutur,art/design
A24V7CUWe4M,TheFutur,art/design
BSxg87CoOu4,TheFutur,art/design
ivKnj9ffcmE,TheFutur,art/design
LZ9Hpp8JygI,MarkCrilley,art/design
dT5bm6JBxcI,MarkCrilley,art/design
iybQwiJWToM,MarkCrilley,art/design
HgUBPfvN_G0,MarkCrilley,art/design
XuMuGYCW63w,MarkCrilley,art/design
bBoa8TAy65s,MarkCrilley,art/design
lJ25OngOLts,MarkCrilley,art/design
h1hNe7jF4JM,MarkCrilley,art/design
auh6XIB9q6k,MarkCrilley,art/design
CHZLop6fd3o,MarkCrilley,art/design
oCxK-_pW6RE,GabrielIglesias,comedy
Ql4C1fwDZ5g,GabrielIglesias,comedy
9APnNJB3zIU,GabrielIglesias,comedy
SysARQqLJmc,GabrielIglesias,comedy
ard2zoSObJA,GabrielIglesias,comedy
y71MHEa_FR8,GabrielIglesias,comedy
ucAgWgJOwbM,GabrielIglesias,comedy
0mPdk6Mn8lA,GabrielIglesias,comedy
4idQbwsvtUo,PiersMorganUncensored,debate
VGWGcESPltM,PiersMorganUncensored,debate
mK-isQXd_Qw,PiersMorganUncensored,debate
2oWbDCql4JA,PiersMorganUncensored,debate
rqjO5Z9Lt_M,PiersMorganUncensored,debate
L63Jt6__aGw,PiersMorganUncensored,debate
2pMsYSR7g78,PiersMorganUncensored,debate
9jBgGY2Ww9Q,PiersMorganUncensored,debate
2QcZSVu3CCY,PiersMorganUncensored,debate
LhlXDI1JSKk,PiersMorganUncensored,debate
7gDKbT_l2us,ContraPoints,debate
aPhrTOg1RUk,ContraPoints,debate
fD2briZ6fB0,ContraPoints,debate
bqloPw5wp48,ContraPoints,debate
EmT0i0xG6zg,ContraPoints,debate
OjMPJVmXxV8,ContraPoints,debate
vRBsaJPkt2Q,ContraPoints,debate
4LqZdkkBDas,ContraPoints,debate
teqkK0RLNkI,ContraPoints,debate
S1xxcKCGljY,ContraPoints,debate
Q-OK3cORN90,DohaDebates,debate
yzMD_dZubOk,DohaDebates,debate
4pBf5kBXm_U,DohaDebates,debate
Gu268yAE-W8,DohaDebates,debate
UU39K3vjVCs,DohaDebates,debate
p5UyG8_mVrM,DohaDebates,debate
SJX0E3WtTSU,DohaDebates,debate
qHfaLlxk4no,DohaDebates,debate
yuHcVUDyT-g,DohaDebates,debate
A-cWpmbZFfM,DohaDebates,debate
DWmGArQBtFI,AthleanX,fitness
wMmy2MlH55U,AthleanX,fitness
K-CrEi0ymMg,AthleanX,fitness
DHD1-2P94DI,AthleanX,fitness
g-7ZWPCWv0U,AthleanX,fitness
F6PhNnlb-14,AthleanX,fitness
O6Y3WDY1tUo,AthleanX,fitness
9VsDP584zyQ,AthleanX,fitness
zyvjscQVFv8,AthleanX,fitness
y1r9toPQNkM,AthleanX,fitness
M4K0s792wAU,JeffNippard,fitness
d8V9ZaSq9Oc,JeffNippard,fitness
5K9QhkPww44,JeffNippard,fitness
Tn-XvYG9x7w,JeffNippard,fitness
Pok0Jg2JAkE,JeffNippard,fitness
jLvqKgW-_G8,JeffNippard,fitness
8BKbu_s8p1Q,JeffNippard,fitness
qVek72z3F1U,JeffNippard,fitness
ptpmRrzRtWQ,JeffNippard,fitness
lu_BObG6dj8,JeffNippard,fitness
8PwoytUU06g,ChrisHeria,fitness
bDjeRqqQu2A,ChrisHeria,fitness
1BpYbEi2QcI,ChrisHeria,fitness
8-49TscRd0M,ChrisHeria,fitness
Yrv4HMJCklI,ChrisHeria,fitness
H9vwqwN69rU,ChrisHeria,fitness
48kmkN-v6-4,ChrisHeria,fitness
ZoPVRr2oQUo,ChrisHeria,fitness
KNC5lkoE2Fs,ChrisHeria,fitness
FEGRLYSWJTk,ChrisHeria,fitness
WC0z9B0p1L4,MattDoesFitness,fitness
Jm8rM3P5Qeo,MattDoesFitness,fitness
HhjLTzG8NcU,MattDoesFitness,fitness
mE2pHJXH-3Q,MattDoesFitness,fitness
fabg8lYSeBs,MattDoesFitness,fitness
JmheT65Wj7w,MattDoesFitness,fitness
-PpU6Mh024g,MattDoesFitness,fitness
KoZwvMZvYqA,MattDoesFitness,fitness
nXAKotjjXh4,MattDoesFitness,fitness
ZzSs_8ovVyM,MattDoesFitness,fitness
UBa-EtVvSks,MindPumpTV,fitness
in7PaeYlhrM,MindPumpTV,fitness
0A3EgOztptQ,MindPumpTV,fitness
i9sTjhN4Z3M,MindPumpTV,fitness
rqiTPdK1c_I,MindPumpTV,fitness
0G2_XV7slIg,MindPumpTV,fitness
m35vpVeHIWA,MindPumpTV,fitness
QENKPHhQVi4,MindPumpTV,fitness
3XDriUn0udo,MindPumpTV,fitness
_QPF9jENFnI,MindPumpTV,fitness
kWvs5H32Oyc,GrahamStephan,finance
2h5zNBDUVuo,GrahamStephan,finance
bJx7_1rWC6U,GrahamStephan,finance
yADi4cs4Dhw,GrahamStephan,finance
6ByB00sweDk,GrahamStephan,finance
u1rXNTbFm-s,GrahamStephan,finance
4l9nmLfFQpM,GrahamStephan,finance
bTecHenYWqA,GrahamStephan,finance
wqFX9iCqDvc,GrahamStephan,finance
sTpvUc9U6f8,GrahamStephan,finance
8Dubc9juu_U,AndreiJikh,finance
enUgDZ4ULCc,AndreiJikh,finance
wg3HFA80d18,AndreiJikh,finance
cLXNlPAZy6Q,AndreiJikh,finance
hWwTzqCmdI4,AndreiJikh,finance
D0oB4aZsz6c,AndreiJikh,finance
tbN-AhFoN6M,AndreiJikh,finance
4b6hetdvQbI,AndreiJikh,finance
n2gYhNyhffk,AndreiJikh,finance
nY234RoQeHw,AndreiJikh,finance
7TB_eRhSNV4,MeetKevin,finance
fnFWKmDGGUU,MeetKevin,finance
8iJ5CdgqXUw,MeetKevin,finance
VErctXiMaWI,MeetKevin,finance
qCoAVnsy1nI,MeetKevin,finance
6p06O4rW5fk,MeetKevin,finance
AFeJzV74Uv0,MeetKevin,finance
7hHI6kYz9So,MeetKevin,finance
tEgpfQFpQUM,MeetKevin,finance
WRuvNmLgQvc,MeetKevin,finance
xvLPJBUXhM4,TheRamseyShow,finance
A24rY7o68W0,TheRamseyShow,finance
rMk7CKwJ8OM,TheRamseyShow,finance
x9ueaxf75SU,TheRamseyShow,finance
eAK759rR_Rw,TheRamseyShow,finance
vouLINqRxxc,TheRamseyShow,finance
yrCP3IEKVLE,TheRamseyShow,finance
3NzgMqIbZc8,TheRamseyShow,finance
7wjuCgtL0yA,TheRamseyShow,finance
IMxciOsAoPY,TheRamseyShow,finance
2uJE48aKVNo,Smosh,comedy
12PWq22E9CQ,Smosh,comedy
mO1QBTG6EXs,Smosh,comedy
mtODX-055g8,Smosh,comedy
e1h5TzdTq0o,Smosh,comedy
XJ87Lsx40PI,Smosh,comedy
Gqx0u-0zG8c,Smosh,comedy
-MtBaFKa_F4,Smosh,comedy
wyx-mmq87Mg,Smosh,comedy
cL_G31YDIZY,Smosh,comedy
5OLtteIwwNs,ColdFusion,documentary
3CccfnRpPtM,ColdFusion,documentary
20BEJouWBgY,ColdFusion,documentary
e5qC1YGRMKI,ColdFusion,documentary
6Afpey7Eldo,ColdFusion,documentary
mQUhJTxK5mA,ColdFusion,documentary
y15UA0bJJf4,ColdFusion,documentary
64xcgvEJ3Ys,ColdFusion,documentary
88fWUZhYb04,ColdFusion,documentary
U1dpWiZoiJU,ColdFusion,documentary
I2O7blSSzpI,LEMMiNO,documentary
kd2KEHvK-q8,LEMMiNO,documentary
CbUjuwhQPKs,LEMMiNO,documentary
Pqn-OH-jbrs,LEMMiNO,documentary
lADBHDg-JtA,LEMMiNO,documentary
5u7euN1HTuU,LEMMiNO,documentary
fb7T1v_VHpE,LEMMiNO,documentary
SpeSpA3e56A,LEMMiNO,documentary
ryg077wBvsM,LEMMiNO,documentary
y-yzL5zJVno,LEMMiNO,documentary
bffDpzeCgAA,ludwig,gaming
NvVdU2PZXMg,ludwig,gaming
C9ZueegNlpY,ludwig,gaming
JEouxrXKJD4,ludwig,gaming
Ip2trao6dYw,ludwig,gaming
zdsdEVngg7Y,ludwig,gaming
CXpZaJUu--w,ludwig,gaming
-sdJ2JdtlGY,ludwig,gaming
iE8TcWsxef0,ludwig,gaming
B-tL7220WYc,ludwig,gaming
qqOxkuO3ip0,Dream,gaming
tylNqtyj0gs,Dream,gaming
7BCojznmtRE,Dream,gaming
RJ0jdO5ZfU4,Dream,gaming
cIY95KCnnNk,Dream,gaming
hgdSJdeGF_0,Dream,gaming
CrtuA5HWFoU,Dream,gaming
hDkuUZ3F1GU,Dream,gaming
RTXS4MMngnA,Dream,gaming
Y7t5B69G0Dw,Dream,gaming
j_OyHUqIIOU,TheSlowMoGuys,variety show
NMbM-ERy2Lk,TheSlowMoGuys,variety show
3BJU2drrtCM,TheSlowMoGuys,variety show
7Ys_yKGNFRQ,TheSlowMoGuys,variety show
ewGAmiLuYCw,TheSlowMoGuys,variety show
OubvTOHWTms,TheSlowMoGuys,variety show
zTspzONOomw,TheSlowMoGuys,variety show
576HwhU6PMM,TheSlowMoGuys,variety show
ZyCCWuO0mQo,TheSlowMoGuys,variety show
5nGaXY5Gxy4,TheSlowMoGuys,variety show
Gng3sPiJdzA,FailArmy,variety show
XnitQYkYYcw,FailArmy,variety show
BNiTVsAlzlc,FailArmy,variety show
bf2ASh5vS-s,FailArmy,variety show
d51diKTSi2M,FailArmy,variety show
-GJFSmpZjCw,FailArmy,variety show
lNe1D_E3R8E,FailArmy,variety show
w6urQm7Prs4,FailArmy,variety show
YS15RLUQ_FU,FailArmy,variety show
zoXM00Soj8U,FailArmy,variety show
u9pkjHWAZLs,simonegiertz,making
jKv_N0IDS2A,simonegiertz,making
2VVRUckX5UU,simonegiertz,making
R35gWBtLCYg,simonegiertz,making
DCTNlh-3hKw,simonegiertz,making
FCKjmfsgBBY,simonegiertz,making
tpa4kp4lK60,simonegiertz,making
-INz4XVeyJ4,simonegiertz,making
7x5XRQ07sjU,simonegiertz,making
E2evC2xTNWg,simonegiertz,making
GtoDsJDYWX4,williamosman,making
wF7B14g1iLQ,williamosman,making
hdt18p-VMmQ,williamosman,making
AKDal51f5LU,williamosman,making
IiJAq53knwc,williamosman,making
QkJu5QJkFKA,williamosman,making
5sLHS_0EDRY,williamosman,making
rfkMTg4Bh0k,williamosman,making
7haDZWR3MYU,williamosman,making
mFrByrAOU5o,williamosman,making
BxV14h0kFs0,TomScottGo,culture
c8W-auqg024,TomScottGo,culture
Ef93WmlEho0,TomScottGo,culture
t3oLeSPINOk,TomScottGo,culture
EocJm3Dry4E,TomScottGo,culture
G025oxyWv0E,TomScottGo,culture
rJGifTou5FE,TomScottGo,culture
DMKcO-T5Y4o,TomScottGo,culture
8eXj97stbG8,TomScottGo,culture
wD79NZroV88,TomScottGo,culture
xFZjSwzdFyM,VisualPolitikEN,culture
taA-xVYtQWI,VisualPolitikEN,culture
5CSUimZjiI0,VisualPolitikEN,culture
j1FK_yj1J30,VisualPolitikEN,culture
psm60IUjrEI,VisualPolitikEN,culture
DI3VqTkbuRA,VisualPolitikEN,culture
1fKhUyF0xbM,VisualPolitikEN,culture
syp5sk8lrOo,VisualPolitikEN,culture
g7E4os06SAA,VisualPolitikEN,culture
ejjKbpXn1S0,VisualPolitikEN,culture
LdMoYYeW9g8,ConanOBrien,talk show
7CfYpZCHJQw,ConanOBrien,talk show
J_sH-GrUeUw,ConanOBrien,talk show
lJEBgB3j9eo,ConanOBrien,talk show
RWf2P9pdoBI,ConanOBrien,talk show
_q471WB5Tgw,ConanOBrien,talk show
T0F7K-gKZ_k,ConanOBrien,talk show
qqbBTwWLUWA,ConanOBrien,talk show
Gx1B0Fkc51U,ConanOBrien,talk show
mwOB_pVNI1c,ConanOBrien,talk show
wnDxHTaeNX0,baldandbankrupt,travel
91w4GkdGfVA,baldandbankrupt,travel
madplgRfebo,baldandbankrupt,travel
y2Nba4MMBAU,baldandbankrupt,travel
q37qWA2cL5w,baldandbankrupt,travel
9I61plMS2Yg,baldandbankrupt,travel
hzBxFH_hEwA,baldandbankrupt,travel
2bNzjBJF_G0,baldandbankrupt,travel
cgV8q0rwUzs,baldandbankrupt,travel
oaletsYICyI,baldandbankrupt,travel
HbuZlTBpC7I,IndigoTraveller,travel
ZHB-KlPBwzA,IndigoTraveller,travel
8NTIY8Qy2f0,IndigoTraveller,travel
2ZrYwuxThFA,IndigoTraveller,travel
GM9Ax72RpWM,IndigoTraveller,travel
5Rtsav021Rs,IndigoTraveller,travel
_ch7hYh4BtA,IndigoTraveller,travel
5xVWkcg1T0Y,IndigoTraveller,travel
Glx7AmJW_FY,IndigoTraveller,travel
V2kolF4yo-Q,IndigoTraveller,travel
RNQvmCnz1xM,AlJazeeraEnglish,news
OrH6UMYAVsk,AlJazeeraEnglish,news
Ol2LGO7Nl6c,AlJazeeraEnglish,news
ZlRObEeuuJM,AlJazeeraEnglish,news
CIayu9QVrBk,AlJazeeraEnglish,news
PHVGL1BDXXU,AlJazeeraEnglish,news
xnaAcMcC_N8,AlJazeeraEnglish,news
OREmRD7qK48,AlJazeeraEnglish,news
SIFvY06_-1Q,AlJazeeraEnglish,news
qNoxt-I6MOY,AlJazeeraEnglish,news
k_GM1JA608Y,dave2d,technology
aHKqhRjRkbE,dave2d,technology
sSgqyd2Mcdc,dave2d,technology
mdRpgWYWCZg,dave2d,technology
JKx9P1F8pww,dave2d,technology
S5-12O3kiho,dave2d,technology
YyMiZCXRMQY,dave2d,technology
FSmXA01l-_8,dave2d,technology
_e7JTaPMf7Q,dave2d,technology
Ws7S5lXw7zk,dave2d,technology
iHzzSao6ypE,CGPGrey,knowledge
oAHbLRjF0vo,CGPGrey,knowledge
qMkYlIA7mgw,CGPGrey,knowledge
kF8I_r9XT7A,CGPGrey,knowledge
wOmjnioNulo,CGPGrey,knowledge
rNu8XDBSn10,CGPGrey,knowledge
rStL7niR7gs,CGPGrey,knowledge
jNgP6d9HraI,CGPGrey,knowledge
uqH_Y1TupoQ,CGPGrey,knowledge
7Pq-S557XQU,CGPGrey,knowledge
xGmh2fdui_Y,MinorityMindset,finance
BkCmAfliYlM,MinorityMindset,finance
qwkU6TPk80A,MinorityMindset,finance
AmkCNJ1s-18,MinorityMindset,finance
248o4zc9RmI,MinorityMindset,finance
HE_6tTwPSGk,MinorityMindset,finance
Dq9HA66AsYU,MinorityMindset,finance
7VwGYfcKSLc,MinorityMindset,finance
qcY-mTfV01A,MinorityMindset,finance
JaIgHxGUSVE,MinorityMindset,finance
Pu0Wlhs1BGE,SkySports,sports
rnKk3fTncro,SkySports,sports
ZagTrKQYgvU,SkySports,sports
MCSq3_aM-hY,SkySports,sports
X_8ZnmIH3v4,SkySports,sports
3N2vJu-GqxA,SkySports,sports
2yX5VeEBSj0,SkySports,sports
lllfRRRezL8,SkySports,sports
mY1TgBun8s8,SkySports,sports
Q28Z3FexhJA,SkySports,sports
VJwoSfTOhyM,DudePerfect,entertainment
VRJmcxCrAOA,DudePerfect,entertainment
UeG1ftTmLAg,DudePerfect,entertainment
8IQbF0IK-f4,DudePerfect,entertainment
A2FsgKoGD04,DudePerfect,entertainment
ym9E1YG3_QQ,DudePerfect,entertainment
UtsfUAHkyWQ,DudePerfect,entertainment
ggR_SPwP6cw,DudePerfect,entertainment
uPCi5Rs7EuA,DudePerfect,entertainment
3J6o7hcm8bE,DudePerfect,entertainment
0lQD-SnN57Y,BrianLagerstrom,cooking
5mehXzl7yHA,BrianLagerstrom,cooking
vrFQkLyGLzc,BrianLagerstrom,cooking
VEtU4Co08yY,BrianLagerstrom,cooking
LzWb_P4lYgA,BrianLagerstrom,cooking
eVuXwv1yxo0,BrianLagerstrom,cooking
-4PZHHCUJZc,BrianLagerstrom,cooking
jA95tUK2RZU,BrianLagerstrom,cooking
Xl0TTag8Gks,BrianLagerstrom,cooking
HWG4fF-7eC4,BrianLagerstrom,cooking
ityEaDi_2Vc,penguinz0,comedy
DWWK05t98os,penguinz0,comedy
s4mGOrbEKbs,penguinz0,comedy
eMKjfbIPAtM,penguinz0,comedy
GKnMsNL4lhQ,penguinz0,comedy
623AC6a6org,penguinz0,comedy
cp2PhE26ouQ,penguinz0,comedy
RyWuy_OA288,penguinz0,comedy
foSAi-olfck,penguinz0,comedy
ihhgZlD5Uuo,penguinz0,comedy
YNaBoKLX52M,TryGuys,comedy
Yaui2pL26ZQ,TryGuys,comedy
FWYsvw_U3Zw,TryGuys,comedy
qpipLfMiaYU,TryGuys,comedy
-mgqMpWKEBk,TryGuys,comedy
JoGjIRVY9t4,TryGuys,comedy
4H5--Qy3h9Q,TryGuys,comedy
Ev3__YJJH3M,TryGuys,comedy
y6GNrpcXtqM,TryGuys,comedy
d25HklopoSs,TryGuys,comedy
FhllRWReNEE,safiya,fashion
s3B-qp3U5G0,safiya,fashion
dqcSk-EDrRo,safiya,fashion
W8uXhQnWgj4,safiya,fashion
LfeEu4_vtfQ,safiya,fashion
a9m3GD0DbPY,safiya,fashion
lGSOWwUvJiU,safiya,fashion
oMF6pIglmmk,safiya,fashion
mcZdTvOqmvI,safiya,fashion
MzSktgpfD84,safiya,fashion
Vjv5KGiteJE,modernwisdom,podcast
1Fw0B9TXDwg,modernwisdom,podcast
kgOlkB1Up_g,modernwisdom,podcast
te_PeBz-Frs,modernwisdom,podcast
BDiOqO62cs4,modernwisdom,podcast
kFruMFtFtgo,modernwisdom,podcast
NopVo25RGyU,modernwisdom,podcast
G89VX-yFcEg,modernwisdom,podcast
ux8CG59PV1M,modernwisdom,podcast
dU38peqNvNU,modernwisdom,podcast
